010006,北海道,,ﾎｯｶｲﾄﾞｳ,,,
011002,北海道,札幌市,ﾎｯｶｲﾄﾞｳ,ｻｯﾎﾟﾛｼ,,
012025,北海道,函館市,ﾎｯｶｲﾄﾞｳ,ﾊｺﾀﾞﾃｼ,,
012033,北海道,小樽市,ﾎｯｶｲﾄﾞｳ,ｵﾀﾙｼ,,
012041,北海道,旭川市,ﾎｯｶｲﾄﾞｳ,ｱｻﾋｶﾜｼ,,
012050,北海道,室蘭市,ﾎｯｶｲﾄﾞｳ,ﾑﾛﾗﾝｼ,,
012068,北海道,釧路市,ﾎｯｶｲﾄﾞｳ,ｸｼﾛｼ,,
012076,北海道,帯広市,ﾎｯｶｲﾄﾞｳ,ｵﾋﾞﾋﾛｼ,,
012084,北海道,北見市,ﾎｯｶｲﾄﾞｳ,ｷﾀﾐｼ,,
012092,北海道,夕張市,ﾎｯｶｲﾄﾞｳ,ﾕｳﾊﾞﾘｼ,,
012106,北海道,岩見沢市,ﾎｯｶｲﾄﾞｳ,ｲﾜﾐｻﾞﾜｼ,,
012114,北海道,網走市,ﾎｯｶｲﾄﾞｳ,ｱﾊﾞｼﾘｼ,,
012122,北海道,留萌市,ﾎｯｶｲﾄﾞｳ,ﾙﾓｲｼ,,
012131,北海道,苫小牧市,ﾎｯｶｲﾄﾞｳ,ﾄﾏｺﾏｲｼ,,
012149,北海道,稚内市,ﾎｯｶｲﾄﾞｳ,ﾜｯｶﾅｲｼ,,
012157,北海道,美唄市,ﾎｯｶｲﾄﾞｳ,ﾋﾞﾊﾞｲｼ,,
012165,北海道,芦別市,ﾎｯｶｲﾄﾞｳ,ｱｼﾍﾞﾂｼ,,
012173,北海道,江別市,ﾎｯｶｲﾄﾞｳ,ｴﾍﾞﾂｼ,,
012181,北海道,赤平市,ﾎｯｶｲﾄﾞｳ,ｱｶﾋﾞﾗｼ,,
012190,北海道,紋別市,ﾎｯｶｲﾄﾞｳ,ﾓﾝﾍﾞﾂｼ,,
012203,北海道,士別市,ﾎｯｶｲﾄﾞｳ,ｼﾍﾞﾂｼ,,
012211,北海道,名寄市,ﾎｯｶｲﾄﾞｳ,ﾅﾖﾛｼ,,
012220,北海道,三笠市,ﾎｯｶｲﾄﾞｳ,ﾐｶｻｼ,,
012238,北海道,根室市,ﾎｯｶｲﾄﾞｳ,ﾈﾑﾛｼ,,
012246,北海道,千歳市,ﾎｯｶｲﾄﾞｳ,ﾁﾄｾｼ,,
012254,北海道,滝川市,ﾎｯｶｲﾄﾞｳ,ﾀｷｶﾜｼ,,
012262,北海道,砂川市,ﾎｯｶｲﾄﾞｳ,ｽﾅｶﾞﾜｼ,,
012271,北海道,歌志内市,ﾎｯｶｲﾄﾞｳ,ｳﾀｼﾅｲｼ,,
012289,北海道,深川市,ﾎｯｶｲﾄﾞｳ,ﾌｶｶﾞﾜｼ,,
012297,北海道,富良野市,ﾎｯｶｲﾄﾞｳ,ﾌﾗﾉｼ,,
012301,北海道,登別市,ﾎｯｶｲﾄﾞｳ,ﾉﾎﾞﾘﾍﾞﾂｼ,,
012319,北海道,恵庭市,ﾎｯｶｲﾄﾞｳ,ｴﾆﾜｼ,,
012335,北海道,伊達市,ﾎｯｶｲﾄﾞｳ,ﾀﾞﾃｼ,,
012343,北海道,北広島市,ﾎｯｶｲﾄﾞｳ,ｷﾀﾋﾛｼﾏｼ,,
012351,北海道,石狩市,ﾎｯｶｲﾄﾞｳ,ｲｼｶﾘｼ,,
012360,北海道,北斗市,ﾎｯｶｲﾄﾞｳ,ﾎｸﾄｼ,,
013030,北海道,当別町,ﾎｯｶｲﾄﾞｳ,ﾄｳﾍﾞﾂﾁｮｳ,,
013048,北海道,新篠津村,ﾎｯｶｲﾄﾞｳ,ｼﾝｼﾉﾂﾑﾗ,,
013315,北海道,松前町,ﾎｯｶｲﾄﾞｳ,ﾏﾂﾏｴﾁｮｳ,,
013323,北海道,福島町,ﾎｯｶｲﾄﾞｳ,ﾌｸｼﾏﾁｮｳ,,
013331,北海道,知内町,ﾎｯｶｲﾄﾞｳ,ｼﾘｳﾁﾁｮｳ,,
013340,北海道,木古内町,ﾎｯｶｲﾄﾞｳ,ｷｺﾅｲﾁｮｳ,,
013374,北海道,七飯町,ﾎｯｶｲﾄﾞｳ,ﾅﾅｴﾁｮｳ,,
013439,北海道,鹿部町,ﾎｯｶｲﾄﾞｳ,ｼｶﾍﾞﾁｮｳ,,
013455,北海道,森町,ﾎｯｶｲﾄﾞｳ,ﾓﾘﾏﾁ,,
013463,北海道,八雲町,ﾎｯｶｲﾄﾞｳ,ﾔｸﾓﾁｮｳ,,
013471,北海道,長万部町,ﾎｯｶｲﾄﾞｳ,ｵｼｬﾏﾝﾍﾞﾁｮｳ,,
013617,北海道,江差町,ﾎｯｶｲﾄﾞｳ,ｴｻｼﾁｮｳ,,
013625,北海道,上ノ国町,ﾎｯｶｲﾄﾞｳ,ｶﾐﾉｸﾆﾁｮｳ,,
013633,北海道,厚沢部町,ﾎｯｶｲﾄﾞｳ,ｱｯｻﾌﾞﾁｮｳ,,
013641,北海道,乙部町,ﾎｯｶｲﾄﾞｳ,ｵﾄﾍﾞﾁｮｳ,,
013676,北海道,奥尻町,ﾎｯｶｲﾄﾞｳ,ｵｸｼﾘﾁｮｳ,,
013706,北海道,今金町,ﾎｯｶｲﾄﾞｳ,ｲﾏｶﾈﾁｮｳ,,
013714,北海道,せたな町,ﾎｯｶｲﾄﾞｳ,ｾﾀﾅﾁｮｳ,,
013919,北海道,島牧村,ﾎｯｶｲﾄﾞｳ,ｼﾏﾏｷﾑﾗ,,
013927,北海道,寿都町,ﾎｯｶｲﾄﾞｳ,ｽｯﾂﾁｮｳ,,
013935,北海道,黒松内町,ﾎｯｶｲﾄﾞｳ,ｸﾛﾏﾂﾅｲﾁｮｳ,,
013943,北海道,蘭越町,ﾎｯｶｲﾄﾞｳ,ﾗﾝｺｼﾁｮｳ,,
013951,北海道,ニセコ町,ﾎｯｶｲﾄﾞｳ,ﾆｾｺﾁｮｳ,,
013960,北海道,真狩村,ﾎｯｶｲﾄﾞｳ,ﾏｯｶﾘﾑﾗ,,
013978,北海道,留寿都村,ﾎｯｶｲﾄﾞｳ,ﾙｽﾂﾑﾗ,,
013986,北海道,喜茂別町,ﾎｯｶｲﾄﾞｳ,ｷﾓﾍﾞﾂﾁｮｳ,,
013994,北海道,京極町,ﾎｯｶｲﾄﾞｳ,ｷｮｳｺﾞｸﾁｮｳ,,
014001,北海道,倶知安町,ﾎｯｶｲﾄﾞｳ,ｸｯﾁｬﾝﾁｮｳ,,
014010,北海道,共和町,ﾎｯｶｲﾄﾞｳ,ｷｮｳﾜﾁｮｳ,,
014028,北海道,岩内町,ﾎｯｶｲﾄﾞｳ,ｲﾜﾅｲﾁｮｳ,,
014036,北海道,泊村,ﾎｯｶｲﾄﾞｳ,ﾄﾏﾘﾑﾗ,,
014044,北海道,神恵内村,ﾎｯｶｲﾄﾞｳ,ｶﾓｴﾅｲﾑﾗ,,
014052,北海道,積丹町,ﾎｯｶｲﾄﾞｳ,ｼｬｺﾀﾝﾁｮｳ,,
014061,北海道,古平町,ﾎｯｶｲﾄﾞｳ,ﾌﾙﾋﾞﾗﾁｮｳ,,
014079,北海道,仁木町,ﾎｯｶｲﾄﾞｳ,ﾆｷﾁｮｳ,,
014087,北海道,余市町,ﾎｯｶｲﾄﾞｳ,ﾖｲﾁﾁｮｳ,,
014095,北海道,赤井川村,ﾎｯｶｲﾄﾞｳ,ｱｶｲｶﾞﾜﾑﾗ,,
014231,北海道,南幌町,ﾎｯｶｲﾄﾞｳ,ﾅﾝﾎﾟﾛﾁｮｳ,,
014249,北海道,奈井江町,ﾎｯｶｲﾄﾞｳ,ﾅｲｴﾁｮｳ,,
014257,北海道,上砂川町,ﾎｯｶｲﾄﾞｳ,ｶﾐｽﾅｶﾞﾜﾁｮｳ,,
014273,北海道,由仁町,ﾎｯｶｲﾄﾞｳ,ﾕﾆﾁｮｳ,,
014281,北海道,長沼町,ﾎｯｶｲﾄﾞｳ,ﾅｶﾞﾇﾏﾁｮｳ,,
014290,北海道,栗山町,ﾎｯｶｲﾄﾞｳ,ｸﾘﾔﾏﾁｮｳ,,
014303,北海道,月形町,ﾎｯｶｲﾄﾞｳ,ﾂｷｶﾞﾀﾁｮｳ,,
014311,北海道,浦臼町,ﾎｯｶｲﾄﾞｳ,ｳﾗｳｽﾁｮｳ,,
014320,北海道,新十津川町,ﾎｯｶｲﾄﾞｳ,ｼﾝﾄﾂｶﾜﾁｮｳ,,
014338,北海道,妹背牛町,ﾎｯｶｲﾄﾞｳ,ﾓｾｳｼﾁｮｳ,,
014346,北海道,秩父別町,ﾎｯｶｲﾄﾞｳ,ﾁｯﾌﾟﾍﾞﾂﾁｮｳ,,
014362,北海道,雨竜町,ﾎｯｶｲﾄﾞｳ,ｳﾘｭｳﾁｮｳ,,
014371,北海道,北竜町,ﾎｯｶｲﾄﾞｳ,ﾎｸﾘｭｳﾁｮｳ,,
014389,北海道,沼田町,ﾎｯｶｲﾄﾞｳ,ﾇﾏﾀﾁｮｳ,,
014524,北海道,鷹栖町,ﾎｯｶｲﾄﾞｳ,ﾀｶｽﾁｮｳ,,
014532,北海道,東神楽町,ﾎｯｶｲﾄﾞｳ,ﾋｶﾞｼｶｸﾞﾗﾁｮｳ,,
014541,北海道,当麻町,ﾎｯｶｲﾄﾞｳ,ﾄｳﾏﾁｮｳ,,
014559,北海道,比布町,ﾎｯｶｲﾄﾞｳ,ﾋﾟｯﾌﾟﾁｮｳ,,
014567,北海道,愛別町,ﾎｯｶｲﾄﾞｳ,ｱｲﾍﾞﾂﾁｮｳ,,
014575,北海道,上川町,ﾎｯｶｲﾄﾞｳ,ｶﾐｶﾜﾁｮｳ,,
014583,北海道,東川町,ﾎｯｶｲﾄﾞｳ,ﾋｶﾞｼｶﾜﾁｮｳ,,
014591,北海道,美瑛町,ﾎｯｶｲﾄﾞｳ,ﾋﾞｴｲﾁｮｳ,,
014605,北海道,上富良野町,ﾎｯｶｲﾄﾞｳ,ｶﾐﾌﾗﾉﾁｮｳ,,
014613,北海道,中富良野町,ﾎｯｶｲﾄﾞｳ,ﾅｶﾌﾗﾉﾁｮｳ,,
014621,北海道,南富良野町,ﾎｯｶｲﾄﾞｳ,ﾐﾅﾐﾌﾗﾉﾁｮｳ,,
014630,北海道,占冠村,ﾎｯｶｲﾄﾞｳ,ｼﾑｶｯﾌﾟﾑﾗ,,
014648,北海道,和寒町,ﾎｯｶｲﾄﾞｳ,ﾜｯｻﾑﾁｮｳ,,
014656,北海道,剣淵町,ﾎｯｶｲﾄﾞｳ,ｹﾝﾌﾞﾁﾁｮｳ,,
014681,北海道,下川町,ﾎｯｶｲﾄﾞｳ,ｼﾓｶﾜﾁｮｳ,,
014699,北海道,美深町,ﾎｯｶｲﾄﾞｳ,ﾋﾞﾌｶﾁｮｳ,,
014702,北海道,音威子府村,ﾎｯｶｲﾄﾞｳ,ｵﾄｲﾈｯﾌﾟﾑﾗ,,
014711,北海道,中川町,ﾎｯｶｲﾄﾞｳ,ﾅｶｶﾞﾜﾁｮｳ,,
014729,北海道,幌加内町,ﾎｯｶｲﾄﾞｳ,ﾎﾛｶﾅｲﾁｮｳ,,
014818,北海道,増毛町,ﾎｯｶｲﾄﾞｳ,ﾏｼｹﾁｮｳ,,
014826,北海道,小平町,ﾎｯｶｲﾄﾞｳ,ｵﾋﾞﾗﾁｮｳ,,
014834,北海道,苫前町,ﾎｯｶｲﾄﾞｳ,ﾄﾏﾏｴﾁｮｳ,,
014842,北海道,羽幌町,ﾎｯｶｲﾄﾞｳ,ﾊﾎﾞﾛﾁｮｳ,,
014851,北海道,初山別村,ﾎｯｶｲﾄﾞｳ,ｼｮｻﾝﾍﾞﾂﾑﾗ,,
014869,北海道,遠別町,ﾎｯｶｲﾄﾞｳ,ｴﾝﾍﾞﾂﾁｮｳ,,
014877,北海道,天塩町,ﾎｯｶｲﾄﾞｳ,ﾃｼｵﾁｮｳ,,
015113,北海道,猿払村,ﾎｯｶｲﾄﾞｳ,ｻﾙﾌﾂﾑﾗ,,
015121,北海道,浜頓別町,ﾎｯｶｲﾄﾞｳ,ﾊﾏﾄﾝﾍﾞﾂﾁｮｳ,,
015130,北海道,中頓別町,ﾎｯｶｲﾄﾞｳ,ﾅｶﾄﾝﾍﾞﾂﾁｮｳ,,
015148,北海道,枝幸町,ﾎｯｶｲﾄﾞｳ,ｴｻｼﾁｮｳ,,
015164,北海道,豊富町,ﾎｯｶｲﾄﾞｳ,ﾄﾖﾄﾐﾁｮｳ,,
015172,北海道,礼文町,ﾎｯｶｲﾄﾞｳ,ﾚﾌﾞﾝﾁｮｳ,,
015181,北海道,利尻町,ﾎｯｶｲﾄﾞｳ,ﾘｼﾘﾁｮｳ,,
015199,北海道,利尻富士町,ﾎｯｶｲﾄﾞｳ,ﾘｼﾘﾌｼﾞﾁｮｳ,,
015202,北海道,幌延町,ﾎｯｶｲﾄﾞｳ,ﾎﾛﾉﾍﾞﾁｮｳ,,
015431,北海道,美幌町,ﾎｯｶｲﾄﾞｳ,ﾋﾞﾎﾛﾁｮｳ,,
015440,北海道,津別町,ﾎｯｶｲﾄﾞｳ,ﾂﾍﾞﾂﾁｮｳ,,
015458,北海道,斜里町,ﾎｯｶｲﾄﾞｳ,ｼｬﾘﾁｮｳ,,
015466,北海道,清里町,ﾎｯｶｲﾄﾞｳ,ｷﾖｻﾄﾁｮｳ,,
015474,北海道,小清水町,ﾎｯｶｲﾄﾞｳ,ｺｼﾐｽﾞﾁｮｳ,,
015491,北海道,訓子府町,ﾎｯｶｲﾄﾞｳ,ｸﾝﾈｯﾌﾟﾁｮｳ,,
015504,北海道,置戸町,ﾎｯｶｲﾄﾞｳ,ｵｹﾄﾁｮｳ,,
015521,北海道,佐呂間町,ﾎｯｶｲﾄﾞｳ,ｻﾛﾏﾁｮｳ,,
015555,北海道,遠軽町,ﾎｯｶｲﾄﾞｳ,ｴﾝｶﾞﾙﾁｮｳ,,
015598,北海道,湧別町,ﾎｯｶｲﾄﾞｳ,ﾕｳﾍﾞﾂﾁｮｳ,,
015601,北海道,滝上町,ﾎｯｶｲﾄﾞｳ,ﾀｷﾉｳｴﾁｮｳ,,
015610,北海道,興部町,ﾎｯｶｲﾄﾞｳ,ｵｺｯﾍﾟﾁｮｳ,,
015628,北海道,西興部村,ﾎｯｶｲﾄﾞｳ,ﾆｼｵｺｯﾍﾟﾑﾗ,,
015636,北海道,雄武町,ﾎｯｶｲﾄﾞｳ,ｵｳﾑﾁｮｳ,,
015644,北海道,大空町,ﾎｯｶｲﾄﾞｳ,ｵｵｿﾞﾗﾁｮｳ,,
015717,北海道,豊浦町,ﾎｯｶｲﾄﾞｳ,ﾄﾖｳﾗﾁｮｳ,,
015750,北海道,壮瞥町,ﾎｯｶｲﾄﾞｳ,ｿｳﾍﾞﾂﾁｮｳ,,
015784,北海道,白老町,ﾎｯｶｲﾄﾞｳ,ｼﾗｵｲﾁｮｳ,,
015814,北海道,厚真町,ﾎｯｶｲﾄﾞｳ,ｱﾂﾏﾁｮｳ,,
015849,北海道,洞爺湖町,ﾎｯｶｲﾄﾞｳ,ﾄｳﾔｺﾁｮｳ,,
015857,北海道,安平町,ﾎｯｶｲﾄﾞｳ,ｱﾋﾞﾗﾁｮｳ,,
015865,北海道,むかわ町,ﾎｯｶｲﾄﾞｳ,ﾑｶﾜﾁｮｳ,,
016012,北海道,日高町,ﾎｯｶｲﾄﾞｳ,ﾋﾀﾞｶﾁｮｳ,,
016021,北海道,平取町,ﾎｯｶｲﾄﾞｳ,ﾋﾞﾗﾄﾘﾁｮｳ,,
016047,北海道,新冠町,ﾎｯｶｲﾄﾞｳ,ﾆｲｶｯﾌﾟﾁｮｳ,,
016071,北海道,浦河町,ﾎｯｶｲﾄﾞｳ,ｳﾗｶﾜﾁｮｳ,,
016080,北海道,様似町,ﾎｯｶｲﾄﾞｳ,ｻﾏﾆﾁｮｳ,,
016098,北海道,えりも町,ﾎｯｶｲﾄﾞｳ,ｴﾘﾓﾁｮｳ,,
016101,北海道,新ひだか町,ﾎｯｶｲﾄﾞｳ,ｼﾝﾋﾀﾞｶﾁｮｳ,,
016314,北海道,音更町,ﾎｯｶｲﾄﾞｳ,ｵﾄﾌｹﾁｮｳ,,
016322,北海道,士幌町,ﾎｯｶｲﾄﾞｳ,ｼﾎﾛﾁｮｳ,,
016331,北海道,上士幌町,ﾎｯｶｲﾄﾞｳ,ｶﾐｼﾎﾛﾁｮｳ,,
016349,北海道,鹿追町,ﾎｯｶｲﾄﾞｳ,ｼｶｵｲﾁｮｳ,,
016357,北海道,新得町,ﾎｯｶｲﾄﾞｳ,ｼﾝﾄｸﾁｮｳ,,
016365,北海道,清水町,ﾎｯｶｲﾄﾞｳ,ｼﾐｽﾞﾁｮｳ,,
016373,北海道,芽室町,ﾎｯｶｲﾄﾞｳ,ﾒﾑﾛﾁｮｳ,,
016381,北海道,中札内村,ﾎｯｶｲﾄﾞｳ,ﾅｶｻﾂﾅｲﾑﾗ,,
016390,北海道,更別村,ﾎｯｶｲﾄﾞｳ,ｻﾗﾍﾞﾂﾑﾗ,,
016411,北海道,大樹町,ﾎｯｶｲﾄﾞｳ,ﾀｲｷﾁｮｳ,,
016420,北海道,広尾町,ﾎｯｶｲﾄﾞｳ,ﾋﾛｵﾁｮｳ,,
016438,北海道,幕別町,ﾎｯｶｲﾄﾞｳ,ﾏｸﾍﾞﾂﾁｮｳ,,
016446,北海道,池田町,ﾎｯｶｲﾄﾞｳ,ｲｹﾀﾞﾁｮｳ,,
016454,北海道,豊頃町,ﾎｯｶｲﾄﾞｳ,ﾄﾖｺﾛﾁｮｳ,,
016462,北海道,本別町,ﾎｯｶｲﾄﾞｳ,ﾎﾝﾍﾞﾂﾁｮｳ,,
016471,北海道,足寄町,ﾎｯｶｲﾄﾞｳ,ｱｼｮﾛﾁｮｳ,,
016489,北海道,陸別町,ﾎｯｶｲﾄﾞｳ,ﾘｸﾍﾞﾂﾁｮｳ,,
016497,北海道,浦幌町,ﾎｯｶｲﾄﾞｳ,ｳﾗﾎﾛﾁｮｳ,,
016616,北海道,釧路町,ﾎｯｶｲﾄﾞｳ,ｸｼﾛﾁｮｳ,,
016624,北海道,厚岸町,ﾎｯｶｲﾄﾞｳ,ｱｯｹｼﾁｮｳ,,
016632,北海道,浜中町,ﾎｯｶｲﾄﾞｳ,ﾊﾏﾅｶﾁｮｳ,,
016641,北海道,標茶町,ﾎｯｶｲﾄﾞｳ,ｼﾍﾞﾁｬﾁｮｳ,,
016659,北海道,弟子屈町,ﾎｯｶｲﾄﾞｳ,ﾃｼｶｶﾞﾁｮｳ,,
016675,北海道,鶴居村,ﾎｯｶｲﾄﾞｳ,ﾂﾙｲﾑﾗ,,
016683,北海道,白糠町,ﾎｯｶｲﾄﾞｳ,ｼﾗﾇｶﾁｮｳ,,
016918,北海道,別海町,ﾎｯｶｲﾄﾞｳ,ﾍﾞﾂｶｲﾁｮｳ,,
016926,北海道,中標津町,ﾎｯｶｲﾄﾞｳ,ﾅｶｼﾍﾞﾂﾁｮｳ,,
016934,北海道,標津町,ﾎｯｶｲﾄﾞｳ,ｼﾍﾞﾂﾁｮｳ,,
016942,北海道,羅臼町,ﾎｯｶｲﾄﾞｳ,ﾗｳｽﾁｮｳ,,
016951,北海道,色丹村,ﾎｯｶｲﾄﾞｳ,ｼｺﾀﾝﾑﾗ,,
016969,北海道,泊村,ﾎｯｶｲﾄﾞｳ,ﾄﾏﾘﾑﾗ,,
016977,北海道,留夜別村,ﾎｯｶｲﾄﾞｳ,ﾙﾔﾍﾞﾂﾑﾗ,,
016985,北海道,留別村,ﾎｯｶｲﾄﾞｳ,ﾙﾍﾞﾂﾑﾗ,,
016993,北海道,紗那村,ﾎｯｶｲﾄﾞｳ,ｼｬﾅﾑﾗ,,
017001,北海道,蘂取村,ﾎｯｶｲﾄﾞｳ,ｼﾍﾞﾄﾛﾑﾗ,,
020001,青森県,,ｱｵﾓﾘｹﾝ,,,
022012,青森県,青森市,ｱｵﾓﾘｹﾝ,ｱｵﾓﾘｼ,,
022021,青森県,弘前市,ｱｵﾓﾘｹﾝ,ﾋﾛｻｷｼ,,
022039,青森県,八戸市,ｱｵﾓﾘｹﾝ,ﾊﾁﾉﾍｼ,,
022047,青森県,黒石市,ｱｵﾓﾘｹﾝ,ｸﾛｲｼｼ,,
022055,青森県,五所川原市,ｱｵﾓﾘｹﾝ,ｺﾞｼｮｶﾞﾜﾗｼ,,
022063,青森県,十和田市,ｱｵﾓﾘｹﾝ,ﾄﾜﾀﾞｼ,,
022071,青森県,三沢市,ｱｵﾓﾘｹﾝ,ﾐｻﾜｼ,,
022080,青森県,むつ市,ｱｵﾓﾘｹﾝ,ﾑﾂｼ,,
022098,青森県,つがる市,ｱｵﾓﾘｹﾝ,ﾂｶﾞﾙｼ,,
022101,青森県,平川市,ｱｵﾓﾘｹﾝ,ﾋﾗｶﾜｼ,,
023019,青森県,平内町,ｱｵﾓﾘｹﾝ,ﾋﾗﾅｲﾏﾁ,,
023035,青森県,今別町,ｱｵﾓﾘｹﾝ,ｲﾏﾍﾞﾂﾏﾁ,,
023043,青森県,蓬田村,ｱｵﾓﾘｹﾝ,ﾖﾓｷﾞﾀﾑﾗ,,
023078,青森県,外ヶ浜町,ｱｵﾓﾘｹﾝ,ｿﾄｶﾞﾊﾏﾏﾁ,,
023213,青森県,鰺ヶ沢町,ｱｵﾓﾘｹﾝ,ｱｼﾞｶﾞｻﾜﾏﾁ,,
023230,青森県,深浦町,ｱｵﾓﾘｹﾝ,ﾌｶｳﾗﾏﾁ,,
023434,青森県,西目屋村,ｱｵﾓﾘｹﾝ,ﾆｼﾒﾔﾑﾗ,,
023612,青森県,藤崎町,ｱｵﾓﾘｹﾝ,ﾌｼﾞｻｷﾏﾁ,,
023621,青森県,大鰐町,ｱｵﾓﾘｹﾝ,ｵｵﾜﾆﾏﾁ,,
023671,青森県,田舎館村,ｱｵﾓﾘｹﾝ,ｲﾅｶﾀﾞﾃﾑﾗ,,
023817,青森県,板柳町,ｱｵﾓﾘｹﾝ,ｲﾀﾔﾅｷﾞﾏﾁ,,
023841,青森県,鶴田町,ｱｵﾓﾘｹﾝ,ﾂﾙﾀﾏﾁ,,
023876,青森県,中泊町,ｱｵﾓﾘｹﾝ,ﾅｶﾄﾞﾏﾘﾏﾁ,,
024015,青森県,野辺地町,ｱｵﾓﾘｹﾝ,ﾉﾍｼﾞﾏﾁ,,
024023,青森県,七戸町,ｱｵﾓﾘｹﾝ,ｼﾁﾉﾍﾏﾁ,,
024058,青森県,六戸町,ｱｵﾓﾘｹﾝ,ﾛｸﾉﾍﾏﾁ,,
024066,青森県,横浜町,ｱｵﾓﾘｹﾝ,ﾖｺﾊﾏﾏﾁ,,
024082,青森県,東北町,ｱｵﾓﾘｹﾝ,ﾄｳﾎｸﾏﾁ,,
024112,青森県,六ヶ所村,ｱｵﾓﾘｹﾝ,ﾛｯｶｼｮﾑﾗ,,
024121,青森県,おいらせ町,ｱｵﾓﾘｹﾝ,ｵｲﾗｾﾁｮｳ,,
024236,青森県,大間町,ｱｵﾓﾘｹﾝ,ｵｵﾏﾏﾁ,,
024244,青森県,東通村,ｱｵﾓﾘｹﾝ,ﾋｶﾞｼﾄﾞｵﾘﾑﾗ,,
024252,青森県,風間浦村,ｱｵﾓﾘｹﾝ,ｶｻﾞﾏｳﾗﾑﾗ,,
024261,青森県,佐井村,ｱｵﾓﾘｹﾝ,ｻｲﾑﾗ,,
024414,青森県,三戸町,ｱｵﾓﾘｹﾝ,ｻﾝﾉﾍﾏﾁ,,
024422,青森県,五戸町,ｱｵﾓﾘｹﾝ,ｺﾞﾉﾍﾏﾁ,,
024431,青森県,田子町,ｱｵﾓﾘｹﾝ,ﾀｯｺﾏﾁ,,
024457,青森県,南部町,ｱｵﾓﾘｹﾝ,ﾅﾝﾌﾞﾁｮｳ,,
024465,青森県,階上町,ｱｵﾓﾘｹﾝ,ﾊｼｶﾐﾁｮｳ,,
024503,青森県,新郷村,ｱｵﾓﾘｹﾝ,ｼﾝｺﾞｳﾑﾗ,,
030007,岩手県,,ｲﾜﾃｹﾝ,,,
032018,岩手県,盛岡市,ｲﾜﾃｹﾝ,ﾓﾘｵｶｼ,,
032026,岩手県,宮古市,ｲﾜﾃｹﾝ,ﾐﾔｺｼ,,
032034,岩手県,大船渡市,ｲﾜﾃｹﾝ,ｵｵﾌﾅﾄｼ,,
032051,岩手県,花巻市,ｲﾜﾃｹﾝ,ﾊﾅﾏｷｼ,,
032069,岩手県,北上市,ｲﾜﾃｹﾝ,ｷﾀｶﾐｼ,,
032077,岩手県,久慈市,ｲﾜﾃｹﾝ,ｸｼﾞｼ,,
032085,岩手県,遠野市,ｲﾜﾃｹﾝ,ﾄｵﾉｼ,,
032093,岩手県,一関市,ｲﾜﾃｹﾝ,ｲﾁﾉｾｷｼ,,
032107,岩手県,陸前高田市,ｲﾜﾃｹﾝ,ﾘｸｾﾞﾝﾀｶﾀｼ,,
032115,岩手県,釜石市,ｲﾜﾃｹﾝ,ｶﾏｲｼｼ,,
032131,岩手県,二戸市,ｲﾜﾃｹﾝ,ﾆﾉﾍｼ,,
032140,岩手県,八幡平市,ｲﾜﾃｹﾝ,ﾊﾁﾏﾝﾀｲｼ,,
032158,岩手県,奥州市,ｲﾜﾃｹﾝ,ｵｳｼｭｳｼ,,
032166,岩手県,滝沢市,ｲﾜﾃｹﾝ,ﾀｷｻﾞﾜｼ,,
033014,岩手県,雫石町,ｲﾜﾃｹﾝ,ｼｽﾞｸｲｼﾁｮｳ,,
033022,岩手県,葛巻町,ｲﾜﾃｹﾝ,ｸｽﾞﾏｷﾏﾁ,,
033031,岩手県,岩手町,ｲﾜﾃｹﾝ,ｲﾜﾃﾏﾁ,,
033219,岩手県,紫波町,ｲﾜﾃｹﾝ,ｼﾜﾁｮｳ,,
033227,岩手県,矢巾町,ｲﾜﾃｹﾝ,ﾔﾊﾊﾞﾁｮｳ,,
033669,岩手県,西和賀町,ｲﾜﾃｹﾝ,ﾆｼﾜｶﾞﾏﾁ,,
033812,岩手県,金ケ崎町,ｲﾜﾃｹﾝ,ｶﾈｶﾞｻｷﾁｮｳ,,
034029,岩手県,平泉町,ｲﾜﾃｹﾝ,ﾋﾗｲｽﾞﾐﾁｮｳ,,
034410,岩手県,住田町,ｲﾜﾃｹﾝ,ｽﾐﾀﾁｮｳ,,
034614,岩手県,大槌町,ｲﾜﾃｹﾝ,ｵｵﾂﾁﾁｮｳ,,
034827,岩手県,山田町,ｲﾜﾃｹﾝ,ﾔﾏﾀﾞﾏﾁ,,
034835,岩手県,岩泉町,ｲﾜﾃｹﾝ,ｲﾜｲｽﾞﾐﾁｮｳ,,
034843,岩手県,田野畑村,ｲﾜﾃｹﾝ,ﾀﾉﾊﾀﾑﾗ,,
034851,岩手県,普代村,ｲﾜﾃｹﾝ,ﾌﾀﾞｲﾑﾗ,,
035017,岩手県,軽米町,ｲﾜﾃｹﾝ,ｶﾙﾏｲﾏﾁ,,
035033,岩手県,野田村,ｲﾜﾃｹﾝ,ﾉﾀﾞﾑﾗ,,
035068,岩手県,九戸村,ｲﾜﾃｹﾝ,ｸﾉﾍﾑﾗ,,
035076,岩手県,洋野町,ｲﾜﾃｹﾝ,ﾋﾛﾉﾁｮｳ,,
035246,岩手県,一戸町,ｲﾜﾃｹﾝ,ｲﾁﾉﾍﾏﾁ,,
040002,宮城県,,ﾐﾔｷﾞｹﾝ,,,
041009,宮城県,仙台市,ﾐﾔｷﾞｹﾝ,ｾﾝﾀﾞｲｼ,,
042021,宮城県,石巻市,ﾐﾔｷﾞｹﾝ,ｲｼﾉﾏｷｼ,,
042030,宮城県,塩竈市,ﾐﾔｷﾞｹﾝ,ｼｵｶﾞﾏｼ,,
042056,宮城県,気仙沼市,ﾐﾔｷﾞｹﾝ,ｹｾﾝﾇﾏｼ,,
042064,宮城県,白石市,ﾐﾔｷﾞｹﾝ,ｼﾛｲｼｼ,,
042072,宮城県,名取市,ﾐﾔｷﾞｹﾝ,ﾅﾄﾘｼ,,
042081,宮城県,角田市,ﾐﾔｷﾞｹﾝ,ｶｸﾀﾞｼ,,
042099,宮城県,多賀城市,ﾐﾔｷﾞｹﾝ,ﾀｶﾞｼﾞｮｳｼ,,
042111,宮城県,岩沼市,ﾐﾔｷﾞｹﾝ,ｲﾜﾇﾏｼ,,
042129,宮城県,登米市,ﾐﾔｷﾞｹﾝ,ﾄﾒｼ,,
042137,宮城県,栗原市,ﾐﾔｷﾞｹﾝ,ｸﾘﾊﾗｼ,,
042145,宮城県,東松島市,ﾐﾔｷﾞｹﾝ,ﾋｶﾞｼﾏﾂｼﾏｼ,,
042153,宮城県,大崎市,ﾐﾔｷﾞｹﾝ,ｵｵｻｷｼ,,
042161,宮城県,富谷市,ﾐﾔｷﾞｹﾝ,ﾄﾐﾔｼ,,
043010,宮城県,蔵王町,ﾐﾔｷﾞｹﾝ,ｻﾞｵｳﾏﾁ,,
043028,宮城県,七ヶ宿町,ﾐﾔｷﾞｹﾝ,ｼﾁｶｼｭｸﾏﾁ,,
043214,宮城県,大河原町,ﾐﾔｷﾞｹﾝ,ｵｵｶﾞﾜﾗﾏﾁ,,
043222,宮城県,村田町,ﾐﾔｷﾞｹﾝ,ﾑﾗﾀﾏﾁ,,
043231,宮城県,柴田町,ﾐﾔｷﾞｹﾝ,ｼﾊﾞﾀﾏﾁ,,
043249,宮城県,川崎町,ﾐﾔｷﾞｹﾝ,ｶﾜｻｷﾏﾁ,,
043419,宮城県,丸森町,ﾐﾔｷﾞｹﾝ,ﾏﾙﾓﾘﾏﾁ,,
043613,宮城県,亘理町,ﾐﾔｷﾞｹﾝ,ﾜﾀﾘﾁｮｳ,,
043621,宮城県,山元町,ﾐﾔｷﾞｹﾝ,ﾔﾏﾓﾄﾁｮｳ,,
044016,宮城県,松島町,ﾐﾔｷﾞｹﾝ,ﾏﾂｼﾏﾏﾁ,,
044041,宮城県,七ヶ浜町,ﾐﾔｷﾞｹﾝ,ｼﾁｶﾞﾊﾏﾏﾁ,,
044067,宮城県,利府町,ﾐﾔｷﾞｹﾝ,ﾘﾌﾁｮｳ,,
044211,宮城県,大和町,ﾐﾔｷﾞｹﾝ,ﾀｲﾜﾁｮｳ,,
044229,宮城県,大郷町,ﾐﾔｷﾞｹﾝ,ｵｵｻﾄﾁｮｳ,,
044245,宮城県,大衡村,ﾐﾔｷﾞｹﾝ,ｵｵﾋﾗﾑﾗ,,
044440,宮城県,色麻町,ﾐﾔｷﾞｹﾝ,ｼｶﾏﾁｮｳ,,
044458,宮城県,加美町,ﾐﾔｷﾞｹﾝ,ｶﾐﾏﾁ,,
045012,宮城県,涌谷町,ﾐﾔｷﾞｹﾝ,ﾜｸﾔﾁｮｳ,,
045055,宮城県,美里町,ﾐﾔｷﾞｹﾝ,ﾐｻﾄﾏﾁ,,
045811,宮城県,女川町,ﾐﾔｷﾞｹﾝ,ｵﾅｶﾞﾜﾁｮｳ,,
046060,宮城県,南三陸町,ﾐﾔｷﾞｹﾝ,ﾐﾅﾐｻﾝﾘｸﾁｮｳ,,
050008,秋田県,,ｱｷﾀｹﾝ,,,
052019,秋田県,秋田市,ｱｷﾀｹﾝ,ｱｷﾀｼ,,
052027,秋田県,能代市,ｱｷﾀｹﾝ,ﾉｼﾛｼ,,
052035,秋田県,横手市,ｱｷﾀｹﾝ,ﾖｺﾃｼ,,
052043,秋田県,大館市,ｱｷﾀｹﾝ,ｵｵﾀﾞﾃｼ,,
052060,秋田県,男鹿市,ｱｷﾀｹﾝ,ｵｶﾞｼ,,
052078,秋田県,湯沢市,ｱｷﾀｹﾝ,ﾕｻﾞﾜｼ,,
052094,秋田県,鹿角市,ｱｷﾀｹﾝ,ｶﾂﾞﾉｼ,,
052108,秋田県,由利本荘市,ｱｷﾀｹﾝ,ﾕﾘﾎﾝｼﾞｮｳｼ,,
052116,秋田県,潟上市,ｱｷﾀｹﾝ,ｶﾀｶﾞﾐｼ,,
052124,秋田県,大仙市,ｱｷﾀｹﾝ,ﾀﾞｲｾﾝｼ,,
052132,秋田県,北秋田市,ｱｷﾀｹﾝ,ｷﾀｱｷﾀｼ,,
052141,秋田県,にかほ市,ｱｷﾀｹﾝ,ﾆｶﾎｼ,,
052159,秋田県,仙北市,ｱｷﾀｹﾝ,ｾﾝﾎﾞｸｼ,,
053031,秋田県,小坂町,ｱｷﾀｹﾝ,ｺｻｶﾏﾁ,,
053279,秋田県,上小阿仁村,ｱｷﾀｹﾝ,ｶﾐｺｱﾆﾑﾗ,,
053465,秋田県,藤里町,ｱｷﾀｹﾝ,ﾌｼﾞｻﾄﾏﾁ,,
053481,秋田県,三種町,ｱｷﾀｹﾝ,ﾐﾀﾈﾁｮｳ,,
053490,秋田県,八峰町,ｱｷﾀｹﾝ,ﾊｯﾎﾟｳﾁｮｳ,,
053619,秋田県,五城目町,ｱｷﾀｹﾝ,ｺﾞｼﾞｮｳﾒﾏﾁ,,
053635,秋田県,八郎潟町,ｱｷﾀｹﾝ,ﾊﾁﾛｳｶﾞﾀﾏﾁ,,
053660,秋田県,井川町,ｱｷﾀｹﾝ,ｲｶﾜﾏﾁ,,
053686,秋田県,大潟村,ｱｷﾀｹﾝ,ｵｵｶﾞﾀﾑﾗ,,
054348,秋田県,美郷町,ｱｷﾀｹﾝ,ﾐｻﾄﾁｮｳ,,
054631,秋田県,羽後町,ｱｷﾀｹﾝ,ｳｺﾞﾏﾁ,,
054640,秋田県,東成瀬村,ｱｷﾀｹﾝ,ﾋｶﾞｼﾅﾙｾﾑﾗ,,
060003,山形県,,ﾔﾏｶﾞﾀｹﾝ,,,
062014,山形県,山形市,ﾔﾏｶﾞﾀｹﾝ,ﾔﾏｶﾞﾀｼ,,
062022,山形県,米沢市,ﾔﾏｶﾞﾀｹﾝ,ﾖﾈｻﾞﾜｼ,,
062031,山形県,鶴岡市,ﾔﾏｶﾞﾀｹﾝ,ﾂﾙｵｶｼ,,
062049,山形県,酒田市,ﾔﾏｶﾞﾀｹﾝ,ｻｶﾀｼ,,
062057,山形県,新庄市,ﾔﾏｶﾞﾀｹﾝ,ｼﾝｼﾞｮｳｼ,,
062065,山形県,寒河江市,ﾔﾏｶﾞﾀｹﾝ,ｻｶﾞｴｼ,,
062073,山形県,上山市,ﾔﾏｶﾞﾀｹﾝ,ｶﾐﾉﾔﾏｼ,,
062081,山形県,村山市,ﾔﾏｶﾞﾀｹﾝ,ﾑﾗﾔﾏｼ,,
062090,山形県,長井市,ﾔﾏｶﾞﾀｹﾝ,ﾅｶﾞｲｼ,,
062103,山形県,天童市,ﾔﾏｶﾞﾀｹﾝ,ﾃﾝﾄﾞｳｼ,,
062111,山形県,東根市,ﾔﾏｶﾞﾀｹﾝ,ﾋｶﾞｼﾈｼ,,
062120,山形県,尾花沢市,ﾔﾏｶﾞﾀｹﾝ,ｵﾊﾞﾅｻﾞﾜｼ,,
062138,山形県,南陽市,ﾔﾏｶﾞﾀｹﾝ,ﾅﾝﾖｳｼ,,
063011,山形県,山辺町,ﾔﾏｶﾞﾀｹﾝ,ﾔﾏﾉﾍﾞﾏﾁ,,
063029,山形県,中山町,ﾔﾏｶﾞﾀｹﾝ,ﾅｶﾔﾏﾏﾁ,,
063215,山形県,河北町,ﾔﾏｶﾞﾀｹﾝ,ｶﾎｸﾁｮｳ,,
063223,山形県,西川町,ﾔﾏｶﾞﾀｹﾝ,ﾆｼｶﾜﾏﾁ,,
063231,山形県,朝日町,ﾔﾏｶﾞﾀｹﾝ,ｱｻﾋﾏﾁ,,
063240,山形県,大江町,ﾔﾏｶﾞﾀｹﾝ,ｵｵｴﾏﾁ,,
063410,山形県,大石田町,ﾔﾏｶﾞﾀｹﾝ,ｵｵｲｼﾀﾞﾏﾁ,,
063614,山形県,金山町,ﾔﾏｶﾞﾀｹﾝ,ｶﾈﾔﾏﾏﾁ,,
063622,山形県,最上町,ﾔﾏｶﾞﾀｹﾝ,ﾓｶﾞﾐﾏﾁ,,
063631,山形県,舟形町,ﾔﾏｶﾞﾀｹﾝ,ﾌﾅｶﾞﾀﾏﾁ,,
063649,山形県,真室川町,ﾔﾏｶﾞﾀｹﾝ,ﾏﾑﾛｶﾞﾜﾏﾁ,,
063657,山形県,大蔵村,ﾔﾏｶﾞﾀｹﾝ,ｵｵｸﾗﾑﾗ,,
063665,山形県,鮭川村,ﾔﾏｶﾞﾀｹﾝ,ｻｹｶﾞﾜﾑﾗ,,
063673,山形県,戸沢村,ﾔﾏｶﾞﾀｹﾝ,ﾄｻﾞﾜﾑﾗ,,
063819,山形県,高畠町,ﾔﾏｶﾞﾀｹﾝ,ﾀｶﾊﾀﾏﾁ,,
063827,山形県,川西町,ﾔﾏｶﾞﾀｹﾝ,ｶﾜﾆｼﾏﾁ,,
064017,山形県,小国町,ﾔﾏｶﾞﾀｹﾝ,ｵｸﾞﾆﾏﾁ,,
064025,山形県,白鷹町,ﾔﾏｶﾞﾀｹﾝ,ｼﾗﾀｶﾏﾁ,,
064033,山形県,飯豊町,ﾔﾏｶﾞﾀｹﾝ,ｲｲﾃﾞﾏﾁ,,
064262,山形県,三川町,ﾔﾏｶﾞﾀｹﾝ,ﾐｶﾜﾏﾁ,,
064289,山形県,庄内町,ﾔﾏｶﾞﾀｹﾝ,ｼﾖｳﾅｲﾏﾁ,,
064611,山形県,遊佐町,ﾔﾏｶﾞﾀｹﾝ,ﾕｻﾞﾏﾁ,,
070009,福島県,,ﾌｸｼﾏｹﾝ,,,
072010,福島県,福島市,ﾌｸｼﾏｹﾝ,ﾌｸｼﾏｼ,,
072028,福島県,会津若松市,ﾌｸｼﾏｹﾝ,ｱｲﾂﾞﾜｶﾏﾂｼ,,
072036,福島県,郡山市,ﾌｸｼﾏｹﾝ,ｺｵﾘﾔﾏｼ,,
072044,福島県,いわき市,ﾌｸｼﾏｹﾝ,ｲﾜｷｼ,,
072052,福島県,白河市,ﾌｸｼﾏｹﾝ,ｼﾗｶﾜｼ,,
072079,福島県,須賀川市,ﾌｸｼﾏｹﾝ,ｽｶｶﾞﾜｼ,,
072087,福島県,喜多方市,ﾌｸｼﾏｹﾝ,ｷﾀｶﾀｼ,,
072095,福島県,相馬市,ﾌｸｼﾏｹﾝ,ｿｳﾏｼ,,
072109,福島県,二本松市,ﾌｸｼﾏｹﾝ,ﾆﾎﾝﾏﾂｼ,,
072117,福島県,田村市,ﾌｸｼﾏｹﾝ,ﾀﾑﾗｼ,,
072125,福島県,南相馬市,ﾌｸｼﾏｹﾝ,ﾐﾅﾐｿｳﾏｼ,,
072133,福島県,伊達市,ﾌｸｼﾏｹﾝ,ﾀﾞﾃｼ,,
072141,福島県,本宮市,ﾌｸｼﾏｹﾝ,ﾓﾄﾐﾔｼ,,
073016,福島県,桑折町,ﾌｸｼﾏｹﾝ,ｺｵﾘﾏﾁ,,
073032,福島県,国見町,ﾌｸｼﾏｹﾝ,ｸﾆﾐﾏﾁ,,
073083,福島県,川俣町,ﾌｸｼﾏｹﾝ,ｶﾜﾏﾀﾏﾁ,,
073229,福島県,大玉村,ﾌｸｼﾏｹﾝ,ｵｵﾀﾏﾑﾗ,,
073423,福島県,鏡石町,ﾌｸｼﾏｹﾝ,ｶｶﾞﾐｲｼﾏﾁ,,
073440,福島県,天栄村,ﾌｸｼﾏｹﾝ,ﾃﾝｴｲﾑﾗ,,
073628,福島県,下郷町,ﾌｸｼﾏｹﾝ,ｼﾓｺﾞｳﾏﾁ,,
073644,福島県,檜枝岐村,ﾌｸｼﾏｹﾝ,ﾋﾉｴﾏﾀﾑﾗ,,
073679,福島県,只見町,ﾌｸｼﾏｹﾝ,ﾀﾀﾞﾐﾏﾁ,,
073687,福島県,南会津町,ﾌｸｼﾏｹﾝ,ﾐﾅﾐｱｲﾂﾞﾏﾁ,,
074021,福島県,北塩原村,ﾌｸｼﾏｹﾝ,ｷﾀｼｵﾊﾞﾗﾑﾗ,,
074055,福島県,西会津町,ﾌｸｼﾏｹﾝ,ﾆｼｱｲﾂﾞﾏﾁ,,
074071,福島県,磐梯町,ﾌｸｼﾏｹﾝ,ﾊﾞﾝﾀﾞｲﾏﾁ,,
074080,福島県,猪苗代町,ﾌｸｼﾏｹﾝ,ｲﾅﾜｼﾛﾏﾁ,,
074217,福島県,会津坂下町,ﾌｸｼﾏｹﾝ,ｱｲﾂﾞﾊﾞﾝｹﾞﾏﾁ,,
074225,福島県,湯川村,ﾌｸｼﾏｹﾝ,ﾕｶﾞﾜﾑﾗ,,
074233,福島県,柳津町,ﾌｸｼﾏｹﾝ,ﾔﾅｲﾂﾞﾏﾁ,,
074446,福島県,三島町,ﾌｸｼﾏｹﾝ,ﾐｼﾏﾏﾁ,,
074454,福島県,金山町,ﾌｸｼﾏｹﾝ,ｶﾈﾔﾏﾏﾁ,,
074462,福島県,昭和村,ﾌｸｼﾏｹﾝ,ｼｮｳﾜﾑﾗ,,
074471,福島県,会津美里町,ﾌｸｼﾏｹﾝ,ｱｲﾂﾞﾐｻﾄﾏﾁ,,
074616,福島県,西郷村,ﾌｸｼﾏｹﾝ,ﾆｼｺﾞｳﾑﾗ,,
074641,福島県,泉崎村,ﾌｸｼﾏｹﾝ,ｲｽﾞﾐｻﾞｷﾑﾗ,,
074659,福島県,中島村,ﾌｸｼﾏｹﾝ,ﾅｶｼﾞﾏﾑﾗ,,
074667,福島県,矢吹町,ﾌｸｼﾏｹﾝ,ﾔﾌﾞｷﾏﾁ,,
074811,福島県,棚倉町,ﾌｸｼﾏｹﾝ,ﾀﾅｸﾞﾗﾏﾁ,,
074829,福島県,矢祭町,ﾌｸｼﾏｹﾝ,ﾔﾏﾂﾘﾏﾁ,,
074837,福島県,塙町,ﾌｸｼﾏｹﾝ,ﾊﾅﾜﾏﾁ,,
074845,福島県,鮫川村,ﾌｸｼﾏｹﾝ,ｻﾒｶﾞﾜﾑﾗ,,
075019,福島県,石川町,ﾌｸｼﾏｹﾝ,ｲｼｶﾜﾏﾁ,,
075027,福島県,玉川村,ﾌｸｼﾏｹﾝ,ﾀﾏｶﾜﾑﾗ,,
075035,福島県,平田村,ﾌｸｼﾏｹﾝ,ﾋﾗﾀﾑﾗ,,
075043,福島県,浅川町,ﾌｸｼﾏｹﾝ,ｱｻｶﾜﾏﾁ,,
075051,福島県,古殿町,ﾌｸｼﾏｹﾝ,ﾌﾙﾄﾞﾉﾏﾁ,,
075213,福島県,三春町,ﾌｸｼﾏｹﾝ,ﾐﾊﾙﾏﾁ,,
075221,福島県,小野町,ﾌｸｼﾏｹﾝ,ｵﾉﾏﾁ,,
075418,福島県,広野町,ﾌｸｼﾏｹﾝ,ﾋﾛﾉﾏﾁ,,
075426,福島県,楢葉町,ﾌｸｼﾏｹﾝ,ﾅﾗﾊﾏﾁ,,
075434,福島県,富岡町,ﾌｸｼﾏｹﾝ,ﾄﾐｵｶﾏﾁ,,
075442,福島県,川内村,ﾌｸｼﾏｹﾝ,ｶﾜｳﾁﾑﾗ,,
075451,福島県,大熊町,ﾌｸｼﾏｹﾝ,ｵｵｸﾏﾏﾁ,,
075469,福島県,双葉町,ﾌｸｼﾏｹﾝ,ﾌﾀﾊﾞﾏﾁ,,
075477,福島県,浪江町,ﾌｸｼﾏｹﾝ,ﾅﾐｴﾏﾁ,,
075485,福島県,葛尾村,ﾌｸｼﾏｹﾝ,ｶﾂﾗｵﾑﾗ,,
075612,福島県,新地町,ﾌｸｼﾏｹﾝ,ｼﾝﾁﾏﾁ,,
075647,福島県,飯舘村,ﾌｸｼﾏｹﾝ,ｲｲﾀﾃﾑﾗ,,
080004,茨城県,,ｲﾊﾞﾗｷｹﾝ,,,
082015,茨城県,水戸市,ｲﾊﾞﾗｷｹﾝ,ﾐﾄｼ,,
082023,茨城県,日立市,ｲﾊﾞﾗｷｹﾝ,ﾋﾀﾁｼ,,
082031,茨城県,土浦市,ｲﾊﾞﾗｷｹﾝ,ﾂﾁｳﾗｼ,,
082040,茨城県,古河市,ｲﾊﾞﾗｷｹﾝ,ｺｶﾞｼ,,
082058,茨城県,石岡市,ｲﾊﾞﾗｷｹﾝ,ｲｼｵｶｼ,,
082074,茨城県,結城市,ｲﾊﾞﾗｷｹﾝ,ﾕｳｷｼ,,
082082,茨城県,龍ケ崎市,ｲﾊﾞﾗｷｹﾝ,ﾘｭｳｶﾞｻｷｼ,,
082104,茨城県,下妻市,ｲﾊﾞﾗｷｹﾝ,ｼﾓﾂﾏｼ,,
082112,茨城県,常総市,ｲﾊﾞﾗｷｹﾝ,ｼﾞｮｳｿｳｼ,,
082121,茨城県,常陸太田市,ｲﾊﾞﾗｷｹﾝ,ﾋﾀﾁｵｵﾀｼ,,
082147,茨城県,高萩市,ｲﾊﾞﾗｷｹﾝ,ﾀｶﾊｷﾞｼ,,
082155,茨城県,北茨城市,ｲﾊﾞﾗｷｹﾝ,ｷﾀｲﾊﾞﾗｷｼ,,
082163,茨城県,笠間市,ｲﾊﾞﾗｷｹﾝ,ｶｻﾏｼ,,
082171,茨城県,取手市,ｲﾊﾞﾗｷｹﾝ,ﾄﾘﾃﾞｼ,,
082198,茨城県,牛久市,ｲﾊﾞﾗｷｹﾝ,ｳｼｸｼ,,
082201,茨城県,つくば市,ｲﾊﾞﾗｷｹﾝ,ﾂｸﾊﾞｼ,,
082210,茨城県,ひたちなか市,ｲﾊﾞﾗｷｹﾝ,ﾋﾀﾁﾅｶｼ,,
082228,茨城県,鹿嶋市,ｲﾊﾞﾗｷｹﾝ,ｶｼﾏｼ,,
082236,茨城県,潮来市,ｲﾊﾞﾗｷｹﾝ,ｲﾀｺｼ,,
082244,茨城県,守谷市,ｲﾊﾞﾗｷｹﾝ,ﾓﾘﾔｼ,,
082252,茨城県,常陸大宮市,ｲﾊﾞﾗｷｹﾝ,ﾋﾀﾁｵｵﾐﾔｼ,,
082261,茨城県,那珂市,ｲﾊﾞﾗｷｹﾝ,ﾅｶｼ,,
082279,茨城県,筑西市,ｲﾊﾞﾗｷｹﾝ,ﾁｸｾｲｼ,,
082287,茨城県,坂東市,ｲﾊﾞﾗｷｹﾝ,ﾊﾞﾝﾄﾞｳｼ,,
082295,茨城県,稲敷市,ｲﾊﾞﾗｷｹﾝ,ｲﾅｼｷｼ,,
082309,茨城県,かすみがうら市,ｲﾊﾞﾗｷｹﾝ,ｶｽﾐｶﾞｳﾗｼ,,
082317,茨城県,桜川市,ｲﾊﾞﾗｷｹﾝ,ｻｸﾗｶﾞﾜｼ,,
082325,茨城県,神栖市,ｲﾊﾞﾗｷｹﾝ,ｶﾐｽｼ,,
082333,茨城県,行方市,ｲﾊﾞﾗｷｹﾝ,ﾅﾒｶﾞﾀｼ,,
082341,茨城県,鉾田市,ｲﾊﾞﾗｷｹﾝ,ﾎｺﾀｼ,,
082350,茨城県,つくばみらい市,ｲﾊﾞﾗｷｹﾝ,ﾂｸﾊﾞﾐﾗｲｼ,,
082368,茨城県,小美玉市,ｲﾊﾞﾗｷｹﾝ,ｵﾐﾀﾏｼ,,
083020,茨城県,茨城町,ｲﾊﾞﾗｷｹﾝ,ｲﾊﾞﾗｷﾏﾁ,,
083097,茨城県,大洗町,ｲﾊﾞﾗｷｹﾝ,ｵｵｱﾗｲﾏﾁ,,
083101,茨城県,城里町,ｲﾊﾞﾗｷｹﾝ,ｼﾛｻﾄﾏﾁ,,
083411,茨城県,東海村,ｲﾊﾞﾗｷｹﾝ,ﾄｳｶｲﾑﾗ,,
083640,茨城県,大子町,ｲﾊﾞﾗｷｹﾝ,ﾀﾞｲｺﾞﾏﾁ,,
084425,茨城県,美浦村,ｲﾊﾞﾗｷｹﾝ,ﾐﾎﾑﾗ,,
084433,茨城県,阿見町,ｲﾊﾞﾗｷｹﾝ,ｱﾐﾏﾁ,,
084476,茨城県,河内町,ｲﾊﾞﾗｷｹﾝ,ｶﾜﾁﾏﾁ,,
085219,茨城県,八千代町,ｲﾊﾞﾗｷｹﾝ,ﾔﾁﾖﾏﾁ,,
085421,茨城県,五霞町,ｲﾊﾞﾗｷｹﾝ,ｺﾞｶﾏﾁ,,
085464,茨城県,境町,ｲﾊﾞﾗｷｹﾝ,ｻｶｲﾏﾁ,,
085642,茨城県,利根町,ｲﾊﾞﾗｷｹﾝ,ﾄﾈﾏﾁ,,
090000,栃木県,,ﾄﾁｷﾞｹﾝ,,,
092011,栃木県,宇都宮市,ﾄﾁｷﾞｹﾝ,ｳﾂﾉﾐﾔｼ,,
092029,栃木県,足利市,ﾄﾁｷﾞｹﾝ,ｱｼｶｶﾞｼ,,
092037,栃木県,栃木市,ﾄﾁｷﾞｹﾝ,ﾄﾁｷﾞｼ,,
092045,栃木県,佐野市,ﾄﾁｷﾞｹﾝ,ｻﾉｼ,,
092053,栃木県,鹿沼市,ﾄﾁｷﾞｹﾝ,ｶﾇﾏｼ,,
092061,栃木県,日光市,ﾄﾁｷﾞｹﾝ,ﾆｯｺｳｼ,,
092088,栃木県,小山市,ﾄﾁｷﾞｹﾝ,ｵﾔﾏｼ,,
092096,栃木県,真岡市,ﾄﾁｷﾞｹﾝ,ﾓｵｶｼ,,
092100,栃木県,大田原市,ﾄﾁｷﾞｹﾝ,ｵｵﾀﾜﾗｼ,,
092118,栃木県,矢板市,ﾄﾁｷﾞｹﾝ,ﾔｲﾀｼ,,
092134,栃木県,那須塩原市,ﾄﾁｷﾞｹﾝ,ﾅｽｼｵﾊﾞﾗｼ,,
092142,栃木県,さくら市,ﾄﾁｷﾞｹﾝ,ｻｸﾗｼ,,
092151,栃木県,那須烏山市,ﾄﾁｷﾞｹﾝ,ﾅｽｶﾗｽﾔﾏｼ,,
092169,栃木県,下野市,ﾄﾁｷﾞｹﾝ,ｼﾓﾂｹｼ,,
093017,栃木県,上三川町,ﾄﾁｷﾞｹﾝ,ｶﾐﾉｶﾜﾏﾁ,,
093424,栃木県,益子町,ﾄﾁｷﾞｹﾝ,ﾏｼｺﾏﾁ,,
093432,栃木県,茂木町,ﾄﾁｷﾞｹﾝ,ﾓﾃｷﾞﾏﾁ,,
093441,栃木県,市貝町,ﾄﾁｷﾞｹﾝ,ｲﾁｶｲﾏﾁ,,
093459,栃木県,芳賀町,ﾄﾁｷﾞｹﾝ,ﾊｶﾞﾏﾁ,,
093611,栃木県,壬生町,ﾄﾁｷﾞｹﾝ,ﾐﾌﾞﾏﾁ,,
093645,栃木県,野木町,ﾄﾁｷﾞｹﾝ,ﾉｷﾞﾏﾁ,,
093840,栃木県,塩谷町,ﾄﾁｷﾞｹﾝ,ｼｵﾔﾏﾁ,,
093866,栃木県,高根沢町,ﾄﾁｷﾞｹﾝ,ﾀｶﾈｻﾞﾜﾏﾁ,,
094072,栃木県,那須町,ﾄﾁｷﾞｹﾝ,ﾅｽﾏﾁ,,
094111,栃木県,那珂川町,ﾄﾁｷﾞｹﾝ,ﾅｶｶﾞﾜﾏﾁ,,
100005,群馬県,,ｸﾞﾝﾏｹﾝ,,,
102016,群馬県,前橋市,ｸﾞﾝﾏｹﾝ,ﾏｴﾊﾞｼｼ,,
102024,群馬県,高崎市,ｸﾞﾝﾏｹﾝ,ﾀｶｻｷｼ,,
102032,群馬県,桐生市,ｸﾞﾝﾏｹﾝ,ｷﾘｭｳｼ,,
102041,群馬県,伊勢崎市,ｸﾞﾝﾏｹﾝ,ｲｾｻｷｼ,,
102059,群馬県,太田市,ｸﾞﾝﾏｹﾝ,ｵｵﾀｼ,,
102067,群馬県,沼田市,ｸﾞﾝﾏｹﾝ,ﾇﾏﾀｼ,,
102075,群馬県,館林市,ｸﾞﾝﾏｹﾝ,ﾀﾃﾊﾞﾔｼｼ,,
102083,群馬県,渋川市,ｸﾞﾝﾏｹﾝ,ｼﾌﾞｶﾜｼ,,
102091,群馬県,藤岡市,ｸﾞﾝﾏｹﾝ,ﾌｼﾞｵｶｼ,,
102105,群馬県,富岡市,ｸﾞﾝﾏｹﾝ,ﾄﾐｵｶｼ,,
102113,群馬県,安中市,ｸﾞﾝﾏｹﾝ,ｱﾝﾅｶｼ,,
102121,群馬県,みどり市,ｸﾞﾝﾏｹﾝ,ﾐﾄﾞﾘｼ,,
103446,群馬県,榛東村,ｸﾞﾝﾏｹﾝ,ｼﾝﾄｳﾑﾗ,,
103454,群馬県,吉岡町,ｸﾞﾝﾏｹﾝ,ﾖｼｵｶﾏﾁ,,
103667,群馬県,上野村,ｸﾞﾝﾏｹﾝ,ｳｴﾉﾑﾗ,,
103675,群馬県,神流町,ｸﾞﾝﾏｹﾝ,ｶﾝﾅﾏﾁ,,
103829,群馬県,下仁田町,ｸﾞﾝﾏｹﾝ,ｼﾓﾆﾀﾏﾁ,,
103837,群馬県,南牧村,ｸﾞﾝﾏｹﾝ,ﾅﾝﾓｸﾑﾗ,,
103845,群馬県,甘楽町,ｸﾞﾝﾏｹﾝ,ｶﾝﾗﾏﾁ,,
104213,群馬県,中之条町,ｸﾞﾝﾏｹﾝ,ﾅｶﾉｼﾞﾖｳﾏﾁ,,
104248,群馬県,長野原町,ｸﾞﾝﾏｹﾝ,ﾅｶﾞﾉﾊﾗﾏﾁ,,
104256,群馬県,嬬恋村,ｸﾞﾝﾏｹﾝ,ﾂﾏｺﾞｲﾑﾗ,,
104264,群馬県,草津町,ｸﾞﾝﾏｹﾝ,ｸｻﾂﾏﾁ,,
104281,群馬県,高山村,ｸﾞﾝﾏｹﾝ,ﾀｶﾔﾏﾑﾗ,,
104299,群馬県,東吾妻町,ｸﾞﾝﾏｹﾝ,ﾋｶﾞｼｱｶﾞﾂﾏﾏﾁ,,
104434,群馬県,片品村,ｸﾞﾝﾏｹﾝ,ｶﾀｼﾅﾑﾗ,,
104442,群馬県,川場村,ｸﾞﾝﾏｹﾝ,ｶﾜﾊﾞﾑﾗ,,
104485,群馬県,昭和村,ｸﾞﾝﾏｹﾝ,ｼｮｳﾜﾑﾗ,,
104493,群馬県,みなかみ町,ｸﾞﾝﾏｹﾝ,ﾐﾅｶﾐﾏﾁ,,
104647,群馬県,玉村町,ｸﾞﾝﾏｹﾝ,ﾀﾏﾑﾗﾏﾁ,,
105210,群馬県,板倉町,ｸﾞﾝﾏｹﾝ,ｲﾀｸﾗﾏﾁ,,
105228,群馬県,明和町,ｸﾞﾝﾏｹﾝ,ﾒｲﾜﾏﾁ,,
105236,群馬県,千代田町,ｸﾞﾝﾏｹﾝ,ﾁﾖﾀﾞﾏﾁ,,
105244,群馬県,大泉町,ｸﾞﾝﾏｹﾝ,ｵｵｲｽﾞﾐﾏﾁ,,
105252,群馬県,邑楽町,ｸﾞﾝﾏｹﾝ,ｵｳﾗﾏﾁ,,
110001,埼玉県,,ｻｲﾀﾏｹﾝ,,,
111007,埼玉県,さいたま市,ｻｲﾀﾏｹﾝ,ｻｲﾀﾏｼ,,
112011,埼玉県,川越市,ｻｲﾀﾏｹﾝ,ｶﾜｺﾞｴｼ,,
112020,埼玉県,熊谷市,ｻｲﾀﾏｹﾝ,ｸﾏｶﾞﾔｼ,,
112038,埼玉県,川口市,ｻｲﾀﾏｹﾝ,ｶﾜｸﾞﾁｼ,,
112062,埼玉県,行田市,ｻｲﾀﾏｹﾝ,ｷﾞﾖｳﾀﾞｼ,,
112071,埼玉県,秩父市,ｻｲﾀﾏｹﾝ,ﾁﾁﾌﾞｼ,,
112089,埼玉県,所沢市,ｻｲﾀﾏｹﾝ,ﾄｺﾛｻﾞﾜｼ,,
112097,埼玉県,飯能市,ｻｲﾀﾏｹﾝ,ﾊﾝﾉｳｼ,,
112101,埼玉県,加須市,ｻｲﾀﾏｹﾝ,ｶｿﾞｼ,,
112119,埼玉県,本庄市,ｻｲﾀﾏｹﾝ,ﾎﾝｼﾞﾖｳｼ,,
112127,埼玉県,東松山市,ｻｲﾀﾏｹﾝ,ﾋｶﾞｼﾏﾂﾔﾏｼ,,
112143,埼玉県,春日部市,ｻｲﾀﾏｹﾝ,ｶｽｶﾍﾞｼ,,
112151,埼玉県,狭山市,ｻｲﾀﾏｹﾝ,ｻﾔﾏｼ,,
112160,埼玉県,羽生市,ｻｲﾀﾏｹﾝ,ﾊﾆﾕｳｼ,,
112178,埼玉県,鴻巣市,ｻｲﾀﾏｹﾝ,ｺｳﾉｽｼ,,
112186,埼玉県,深谷市,ｻｲﾀﾏｹﾝ,ﾌｶﾔｼ,,
112194,埼玉県,上尾市,ｻｲﾀﾏｹﾝ,ｱｹﾞｵｼ,,
112216,埼玉県,草加市,ｻｲﾀﾏｹﾝ,ｿｳｶｼ,,
112224,埼玉県,越谷市,ｻｲﾀﾏｹﾝ,ｺｼｶﾞﾔｼ,,
112232,埼玉県,蕨市,ｻｲﾀﾏｹﾝ,ﾜﾗﾋﾞｼ,,
112241,埼玉県,戸田市,ｻｲﾀﾏｹﾝ,ﾄﾀﾞｼ,,
112259,埼玉県,入間市,ｻｲﾀﾏｹﾝ,ｲﾙﾏｼ,,
112275,埼玉県,朝霞市,ｻｲﾀﾏｹﾝ,ｱｻｶｼ,,
112283,埼玉県,志木市,ｻｲﾀﾏｹﾝ,ｼｷｼ,,
112291,埼玉県,和光市,ｻｲﾀﾏｹﾝ,ﾜｺｳｼ,,
112305,埼玉県,新座市,ｻｲﾀﾏｹﾝ,ﾆｲｻﾞｼ,,
112313,埼玉県,桶川市,ｻｲﾀﾏｹﾝ,ｵｹｶﾞﾜｼ,,
112321,埼玉県,久喜市,ｻｲﾀﾏｹﾝ,ｸｷｼ,,
112330,埼玉県,北本市,ｻｲﾀﾏｹﾝ,ｷﾀﾓﾄｼ,,
112348,埼玉県,八潮市,ｻｲﾀﾏｹﾝ,ﾔｼｵｼ,,
112356,埼玉県,富士見市,ｻｲﾀﾏｹﾝ,ﾌｼﾞﾐｼ,,
112372,埼玉県,三郷市,ｻｲﾀﾏｹﾝ,ﾐｻﾄｼ,,
112381,埼玉県,蓮田市,ｻｲﾀﾏｹﾝ,ﾊｽﾀﾞｼ,,
112399,埼玉県,坂戸市,ｻｲﾀﾏｹﾝ,ｻｶﾄﾞｼ,,
112402,埼玉県,幸手市,ｻｲﾀﾏｹﾝ,ｻｯﾃｼ,,
112411,埼玉県,鶴ヶ島市,ｻｲﾀﾏｹﾝ,ﾂﾙｶﾞｼﾏｼ,,
112429,埼玉県,日高市,ｻｲﾀﾏｹﾝ,ﾋﾀﾞｶｼ,,
112437,埼玉県,吉川市,ｻｲﾀﾏｹﾝ,ﾖｼｶﾜｼ,,
112453,埼玉県,ふじみ野市,ｻｲﾀﾏｹﾝ,ﾌｼﾞﾐﾉｼ,,
112461,埼玉県,白岡市,ｻｲﾀﾏｹﾝ,ｼﾗｵｶｼ,,
113018,埼玉県,伊奈町,ｻｲﾀﾏｹﾝ,ｲﾅﾏﾁ,,
113247,埼玉県,三芳町,ｻｲﾀﾏｹﾝ,ﾐﾖｼﾏﾁ,,
113263,埼玉県,毛呂山町,ｻｲﾀﾏｹﾝ,ﾓﾛﾔﾏﾏﾁ,,
113271,埼玉県,越生町,ｻｲﾀﾏｹﾝ,ｵｺﾞｾﾏﾁ,,
113417,埼玉県,滑川町,ｻｲﾀﾏｹﾝ,ﾅﾒｶﾞﾜﾏﾁ,,
113425,埼玉県,嵐山町,ｻｲﾀﾏｹﾝ,ﾗﾝｻﾞﾝﾏﾁ,,
113433,埼玉県,小川町,ｻｲﾀﾏｹﾝ,ｵｶﾞﾜﾏﾁ,,
113468,埼玉県,川島町,ｻｲﾀﾏｹﾝ,ｶﾜｼﾞﾏﾏﾁ,,
113476,埼玉県,吉見町,ｻｲﾀﾏｹﾝ,ﾖｼﾐﾏﾁ,,
113484,埼玉県,鳩山町,ｻｲﾀﾏｹﾝ,ﾊﾄﾔﾏﾏﾁ,,
113492,埼玉県,ときがわ町,ｻｲﾀﾏｹﾝ,ﾄｷｶﾞﾜﾏﾁ,,
113611,埼玉県,横瀬町,ｻｲﾀﾏｹﾝ,ﾖｺｾﾞﾏﾁ,,
113620,埼玉県,皆野町,ｻｲﾀﾏｹﾝ,ﾐﾅﾉﾏﾁ,,
113638,埼玉県,長瀞町,ｻｲﾀﾏｹﾝ,ﾅｶﾞﾄﾛﾏﾁ,,
113654,埼玉県,小鹿野町,ｻｲﾀﾏｹﾝ,ｵｶﾞﾉﾏﾁ,,
113697,埼玉県,東秩父村,ｻｲﾀﾏｹﾝ,ﾋｶﾞｼﾁﾁﾌﾞﾑﾗ,,
113816,埼玉県,美里町,ｻｲﾀﾏｹﾝ,ﾐｻﾄﾏﾁ,,
113832,埼玉県,神川町,ｻｲﾀﾏｹﾝ,ｶﾐｶﾜﾏﾁ,,
113859,埼玉県,上里町,ｻｲﾀﾏｹﾝ,ｶﾐｻﾄﾏﾁ,,
114081,埼玉県,寄居町,ｻｲﾀﾏｹﾝ,ﾖﾘｲﾏﾁ,,
114421,埼玉県,宮代町,ｻｲﾀﾏｹﾝ,ﾐﾔｼﾛﾏﾁ,,
114642,埼玉県,杉戸町,ｻｲﾀﾏｹﾝ,ｽｷﾞﾄﾏﾁ,,
114651,埼玉県,松伏町,ｻｲﾀﾏｹﾝ,ﾏﾂﾌﾞｼﾏﾁ,,
120006,千葉県,,ﾁﾊﾞｹﾝ,,,
121002,千葉県,千葉市,ﾁﾊﾞｹﾝ,ﾁﾊﾞｼ,,
122025,千葉県,銚子市,ﾁﾊﾞｹﾝ,ﾁｮｳｼｼ,,
122033,千葉県,市川市,ﾁﾊﾞｹﾝ,ｲﾁｶﾜｼ,,
122041,千葉県,船橋市,ﾁﾊﾞｹﾝ,ﾌﾅﾊﾞｼｼ,,
122050,千葉県,館山市,ﾁﾊﾞｹﾝ,ﾀﾃﾔﾏｼ,,
122068,千葉県,木更津市,ﾁﾊﾞｹﾝ,ｷｻﾗﾂﾞｼ,,
122076,千葉県,松戸市,ﾁﾊﾞｹﾝ,ﾏﾂﾄﾞｼ,,
122084,千葉県,野田市,ﾁﾊﾞｹﾝ,ﾉﾀﾞｼ,,
122106,千葉県,茂原市,ﾁﾊﾞｹﾝ,ﾓﾊﾞﾗｼ,,
122114,千葉県,成田市,ﾁﾊﾞｹﾝ,ﾅﾘﾀｼ,,
122122,千葉県,佐倉市,ﾁﾊﾞｹﾝ,ｻｸﾗｼ,,
122131,千葉県,東金市,ﾁﾊﾞｹﾝ,ﾄｳｶﾞﾈｼ,,
122157,千葉県,旭市,ﾁﾊﾞｹﾝ,ｱｻﾋｼ,,
122165,千葉県,習志野市,ﾁﾊﾞｹﾝ,ﾅﾗｼﾉｼ,,
122173,千葉県,柏市,ﾁﾊﾞｹﾝ,ｶｼﾜｼ,,
122181,千葉県,勝浦市,ﾁﾊﾞｹﾝ,ｶﾂｳﾗｼ,,
122190,千葉県,市原市,ﾁﾊﾞｹﾝ,ｲﾁﾊﾗｼ,,
122203,千葉県,流山市,ﾁﾊﾞｹﾝ,ﾅｶﾞﾚﾔﾏｼ,,
122211,千葉県,八千代市,ﾁﾊﾞｹﾝ,ﾔﾁﾖｼ,,
122220,千葉県,我孫子市,ﾁﾊﾞｹﾝ,ｱﾋﾞｺｼ,,
122238,千葉県,鴨川市,ﾁﾊﾞｹﾝ,ｶﾓｶﾞﾜｼ,,
122246,千葉県,鎌ケ谷市,ﾁﾊﾞｹﾝ,ｶﾏｶﾞﾔｼ,,
122254,千葉県,君津市,ﾁﾊﾞｹﾝ,ｷﾐﾂｼ,,
122262,千葉県,富津市,ﾁﾊﾞｹﾝ,ﾌｯﾂｼ,,
122271,千葉県,浦安市,ﾁﾊﾞｹﾝ,ｳﾗﾔｽｼ,,
122289,千葉県,四街道市,ﾁﾊﾞｹﾝ,ﾖﾂｶｲﾄﾞｳｼ,,
122297,千葉県,袖ケ浦市,ﾁﾊﾞｹﾝ,ｿﾃﾞｶﾞｳﾗｼ,,
122301,千葉県,八街市,ﾁﾊﾞｹﾝ,ﾔﾁﾏﾀｼ,,
122319,千葉県,印西市,ﾁﾊﾞｹﾝ,ｲﾝｻﾞｲｼ,,
122327,千葉県,白井市,ﾁﾊﾞｹﾝ,ｼﾛｲｼ,,
122335,千葉県,富里市,ﾁﾊﾞｹﾝ,ﾄﾐｻﾄｼ,,
122343,千葉県,南房総市,ﾁﾊﾞｹﾝ,ﾐﾅﾐﾎﾞｳｿｳｼ,,
122351,千葉県,匝瑳市,ﾁﾊﾞｹﾝ,ｿｳｻｼ,,
122360,千葉県,香取市,ﾁﾊﾞｹﾝ,ｶﾄﾘｼ,,
122378,千葉県,山武市,ﾁﾊﾞｹﾝ,ｻﾝﾑｼ,,
122386,千葉県,いすみ市,ﾁﾊﾞｹﾝ,ｲｽﾐｼ,,
122394,千葉県,大網白里市,ﾁﾊﾞｹﾝ,ｵｵｱﾐｼﾗｻﾄｼ,,
123226,千葉県,酒々井町,ﾁﾊﾞｹﾝ,ｼｽｲﾏﾁ,,
123293,千葉県,栄町,ﾁﾊﾞｹﾝ,ｻｶｴﾏﾁ,,
123421,千葉県,神崎町,ﾁﾊﾞｹﾝ,ｺｳｻﾞｷﾏﾁ,,
123471,千葉県,多古町,ﾁﾊﾞｹﾝ,ﾀｺﾏﾁ,,
123498,千葉県,東庄町,ﾁﾊﾞｹﾝ,ﾄｳﾉｼｮｳﾏﾁ,,
124036,千葉県,九十九里町,ﾁﾊﾞｹﾝ,ｸｼﾞﾕｳｸﾘﾏﾁ,,
124095,千葉県,芝山町,ﾁﾊﾞｹﾝ,ｼﾊﾞﾔﾏﾏﾁ,,
124109,千葉県,横芝光町,ﾁﾊﾞｹﾝ,ﾖｺｼﾊﾞﾋｶﾘﾏﾁ,,
124214,千葉県,一宮町,ﾁﾊﾞｹﾝ,ｲﾁﾉﾐﾔﾏﾁ,,
124222,千葉県,睦沢町,ﾁﾊﾞｹﾝ,ﾑﾂｻﾞﾜﾏﾁ,,
124231,千葉県,長生村,ﾁﾊﾞｹﾝ,ﾁｮｳｾｲﾑﾗ,,
124249,千葉県,白子町,ﾁﾊﾞｹﾝ,ｼﾗｺﾏﾁ,,
124265,千葉県,長柄町,ﾁﾊﾞｹﾝ,ﾅｶﾞﾗﾏﾁ,,
124273,千葉県,長南町,ﾁﾊﾞｹﾝ,ﾁｮｳﾅﾝﾏﾁ,,
124419,千葉県,大多喜町,ﾁﾊﾞｹﾝ,ｵｵﾀｷﾏﾁ,,
124435,千葉県,御宿町,ﾁﾊﾞｹﾝ,ｵﾝｼﾞﾕｸﾏﾁ,,
124630,千葉県,鋸南町,ﾁﾊﾞｹﾝ,ｷﾖﾅﾝﾏﾁ,,
